id,first_name,last_name,email,gender,ip_address
1,Georg,Zimmer,gzimmer0@google.com.au,Male,42.6.126.123
2,Cathleen,Clethro,cclethro1@yellowbook.com,Genderqueer,254.144.28.162
3,Shandra,Edgworth,sedgworth2@plala.or.jp,Female,126.105.166.114
4,Armstrong,Vallentin,avallentin3@uol.com.br,Male,154.229.99.39
5,Gabrielle,Jemmett,gjemmett4@bizjournals.com,Female,37.131.129.16
6,Brooke,Campos,bcampos5@oracle.com,Female,156.84.83.44
7,Talbert,Sauvain,tsauvain6@redcross.org,Male,181.251.21.109
8,Nicola,MacLaughlin,nmaclaughlin7@google.co.uk,Male,14.106.65.4
9,Corina,Scott,cscott8@sphinn.com,Female,158.203.250.63
10,Chris,Larn,clarn9@last.fm,Female,71.162.208.152